YEAR,CRIME HEAD,TOTAL CRIMES AGAINST CHILDREN,ABETMENT OF SUICIDE,BUYING OF GIRLS FOR PROSTITUTION,EXPOSURE AND ABANDONMENT,FOETICIDE,INFANTICIDE,KIDNAPPING and ABDUCTION OF CHILDREN,MURDER OF CHILDREN,OTHER CRIMES AGAINST CHILDREN,PROCURATION OF MINOR GILRS,PROHIBITION OF CHILD MARRIAGE ACT,RAPE OF CHILDREN,SELLING OF GIRLS FOR PROSTITUTION
2001,A & N ISLANDS,0,0,0,0,0,0,0,0,0,0,0,0,0
2001,ANDHRA PRADESH,294,7,0,0,0,1,69,42,48,22,3,102,0
2001,ARUNACHAL PRADESH,0,0,0,0,0,0,0,0,0,0,0,0,0
2001,ASSAM,0,0,0,0,0,0,0,0,0,0,0,0,0
2001,BIHAR,143,0,1,1,0,0,39,9,3,56,10,23,1
2001,CHANDIGARH,59,0,0,1,0,0,27,0,11,0,6,14,0
2001,CHHATTISGARH,750,3,0,4,15,7,38,18,481,0,0,184,0
2001,D & N HAVELI,0,0,0,0,0,0,0,0,0,0,0,0,0
2001,DAMAN & DIU,0,0,0,0,0,0,0,0,0,0,0,0,0
2001,DELHI,386,0,0,2,1,1,162,16,67,4,0,131,2
2001,GOA,35,0,0,1,0,0,7,1,10,4,0,12,0
2001,GUJARAT,543,0,0,14,1,2,132,62,224,17,46,45,0
2001,HARYANA,403,0,0,4,7,0,132,42,77,3,0,135,3
2001,HIMACHAL PRADESH,99,0,0,8,0,0,31,4,7,0,0,49,0
2001,JAMMU & KASHMIR,23,0,0,1,0,0,14,2,1,0,0,5,0
2001,JHARKHAND,52,0,0,0,0,0,9,0,12,0,0,31,0
2001,KARNATAKA,50,0,0,0,0,6,10,8,0,0,17,9,0
2001,KERALA,221,0,0,3,0,1,24,23,73,4,1,92,0
2001,LAKSHADWEEP,1,0,0,0,0,0,0,1,0,0,0,0,0
2001,MADHYA PRADESH,1603,5,0,16,2,7,145,99,860,7,17,445,0
2001,MAHARASHTRA,1646,4,2,95,13,13,269,194,471,15,139,429,2
2001,MANIPUR,0,0,0,0,0,0,0,0,0,0,0,0,0
2001,MEGHALAYA,0,0,0,0,0,0,0,0,0,0,0,0,0
2001,MIZORAM,0,0,0,0,0,0,0,0,0,0,0,0,0
2001,NAGALAND,0,0,0,0,0,0,0,0,0,0,0,0,0
2001,ODISHA,69,0,0,0,0,0,24,2,27,0,0,16,0
2001,PUDUCHERRY,4,0,0,0,0,0,0,0,0,0,0,4,0
2001,PUNJAB,169,0,0,0,6,1,43,34,18,11,0,56,0
2001,RAJASTHAN,238,0,0,17,4,0,76,15,38,0,39,49,0
2001,SIKKIM,6,0,0,0,0,0,0,5,0,0,0,1,0
2001,TAMIL NADU,65,1,0,0,0,0,8,20,14,0,0,22,0
2001,TOTAL (ALL-INDIA),13401,20,12,167,50,117,3335,1482,5028,198,281,2695,16
2001,TOTAL (STATES),12951,20,12,164,49,116,3146,1465,4950,194,275,2546,14
2001,TOTAL (UTs),450,0,0,3,1,1,189,17,78,4,6,149,2
2001,TRIPURA,0,0,0,0,0,0,0,0,0,0,0,0,0
2001,UTTAR PRADESH,6319,0,3,0,1,78,1968,867,2542,34,3,820,3
2001,UTTARAKHAND,79,0,0,0,0,0,26,16,13,14,0,10,0
2001,WEST BENGAL,144,0,6,0,0,0,82,2,31,7,0,11,5
2002,A & N ISLANDS,0,0,0,0,0,0,0,0,0,0,0,0,0
2002,ANDHRA PRADESH,400,15,1,0,0,1,127,50,40,15,15,136,0
2002,ARUNACHAL PRADESH,5,0,0,0,0,0,3,0,0,0,0,2,0
2002,ASSAM,28,0,0,0,0,5,7,2,1,8,2,3,0
2002,BIHAR,100,0,0,2,0,0,57,11,12,11,4,3,0
2002,CHANDIGARH,41,1,0,1,0,0,22,2,10,0,0,5,0
2002,CHHATTISGARH,902,1,0,10,0,29,29,18,490,0,163,162,0
2002,D & N HAVELI,0,0,0,0,0,0,0,0,0,0,0,0,0
2002,DAMAN & DIU,0,0,0,0,0,0,0,0,0,0,0,0,0
2002,DELHI,391,0,0,3,18,0,137,31,47,0,0,155,0
2002,GOA,35,0,0,1,0,0,6,2,13,6,0,7,0
2002,GUJARAT,774,1,0,6,1,0,216,40,315,0,146,49,0
2002,HARYANA,246,0,0,2,2,3,66,19,43,0,5,100,6
2002,HIMACHAL PRADESH,89,0,0,3,0,0,22,2,13,7,7,35,0
2002,JAMMU & KASHMIR,24,0,0,2,1,0,12,0,1,0,0,8,0
2002,JHARKHAND,136,0,0,0,0,0,46,6,27,11,0,46,0
2002,KARNATAKA,124,0,0,0,0,2,28,40,15,9,1,28,1
2002,KERALA,278,0,0,6,1,1,38,65,70,15,12,70,0
2002,LAKSHADWEEP,0,0,0,0,0,0,0,0,0,0,0,0,0
2002,MADHYA PRADESH,3178,3,0,12,2,9,203,97,2029,15,4,696,108
2002,MAHARASHTRA,2015,9,10,91,11,9,365,226,603,49,90,551,1
2002,MANIPUR,0,0,0,0,0,0,0,0,0,0,0,0,0
2002,MEGHALAYA,0,0,0,0,0,0,0,0,0,0,0,0,0
2002,MIZORAM,0,0,0,0,0,0,0,0,0,0,0,0,0
2002,NAGALAND,0,0,0,0,0,0,0,0,0,0,0,0,0
2002,ODISHA,67,0,0,0,0,0,10,7,22,5,0,23,0
2002,PUDUCHERRY,23,3,0,0,0,0,10,0,6,0,0,4,0
2002,PUNJAB,174,0,0,0,2,0,51,12,18,9,1,81,0
2002,RAJASTHAN,103,0,0,9,0,1,37,11,0,0,10,35,0
2002,SIKKIM,8,0,0,0,0,0,0,4,0,0,0,4,0
2002,TAMIL NADU,154,0,0,5,0,19,35,36,30,0,0,29,0
2002,TOTAL (ALL-INDIA),12507,33,27,153,39,124,2575,1305,4648,204,475,2806,118
2002,TOTAL (STATES),12052,29,27,149,21,124,2406,1272,4585,204,475,2642,118
2002,TOTAL (UTs),455,4,0,4,18,0,169,33,63,0,0,164,0
2002,TRIPURA,0,0,0,0,0,0,0,0,0,0,0,0,0
2002,UTTAR PRADESH,2997,0,0,0,1,45,957,606,812,11,15,550,0
2002,UTTARAKHAND,51,0,0,0,0,0,7,15,0,21,0,8,0
2002,WEST BENGAL,164,0,16,0,0,0,84,3,31,12,0,16,2
2003,A & N ISLANDS,4,0,0,0,0,0,1,1,0,0,0,2,0
2003,ANDHRA PRADESH,1194,0,0,2,0,3,360,96,370,30,6,326,1
2003,ARUNACHAL PRADESH,0,0,0,0,0,0,0,0,0,0,0,0,0
2003,ASSAM,21,0,0,0,0,0,0,3,0,13,0,5,0
2003,BIHAR,108,0,0,2,0,0,69,16,15,1,2,3,0
2003,CHANDIGARH,39,0,0,4,0,0,13,3,3,0,0,16,0
2003,CHHATTISGARH,555,5,0,0,6,5,39,30,280,0,6,184,0
2003,D & N HAVELI,5,0,0,0,0,0,5,0,0,0,0,0,0
2003,DAMAN & DIU,6,0,0,0,0,0,1,0,0,0,0,5,0
2003,DELHI,437,0,0,3,4,0,131,39,71,0,3,186,0
2003,GOA,56,0,0,1,0,0,11,0,11,11,0,22,0
2003,GUJARAT,682,0,0,9,0,0,268,36,192,2,73,102,0
2003,HARYANA,321,0,0,4,5,0,96,30,67,5,5,109,0
2003,HIMACHAL PRADESH,122,0,0,2,0,3,30,4,30,0,4,48,1
2003,JAMMU & KASHMIR,53,0,0,0,0,0,41,0,9,0,0,3,0
2003,JHARKHAND,60,0,0,0,3,0,2,5,20,11,0,19,0
2003,KARNATAKA,105,0,0,1,0,0,29,23,21,1,0,30,0
2003,KERALA,196,0,0,1,0,0,16,26,66,7,0,80,0
2003,LAKSHADWEEP,0,0,0,0,0,0,0,0,0,0,0,0,0
2003,MADHYA PRADESH,3668,7,0,18,11,4,248,210,2306,8,13,742,101
2003,MAHARASHTRA,2256,9,11,99,5,9,442,203,535,23,65,844,11
2003,MANIPUR,91,0,0,0,0,0,63,19,2,0,0,7,0
2003,MEGHALAYA,0,0,0,0,0,0,0,0,0,0,0,0,0
2003,MIZORAM,0,0,0,0,0,0,0,0,0,0,0,0,0
2003,NAGALAND,0,0,0,0,0,0,0,0,0,0,0,0,0
2003,ODISHA,132,0,0,0,0,0,23,21,31,4,0,53,0
2003,PUDUCHERRY,5,0,0,0,0,0,1,1,2,0,0,1,0
2003,PUNJAB,176,0,0,1,4,11,49,17,19,0,4,71,0
2003,RAJASTHAN,145,0,1,13,0,3,30,25,5,3,9,56,0
2003,SIKKIM,15,1,0,0,0,0,0,1,5,0,0,8,0
2003,TAMIL NADU,157,0,0,1,0,18,24,41,25,0,4,44,0
2003,TOTAL (ALL-INDIA),13524,24,31,161,39,84,3035,1531,4677,174,224,3423,121
2003,TOTAL (STATES),13028,24,31,154,35,84,2883,1487,4601,174,221,3213,121
2003,TOTAL (UTs),496,0,0,7,4,0,152,44,76,0,3,210,0
2003,TRIPURA,0,0,0,0,0,0,0,0,0,0,0,0,0
2003,UTTAR PRADESH,2710,2,0,0,1,28,970,672,549,30,29,429,0
2003,UTTARAKHAND,45,0,0,0,0,0,14,7,0,13,0,11,0
2003,WEST BENGAL,160,0,19,0,0,0,59,2,43,12,1,17,7
2004,A & N ISLANDS,20,0,0,0,0,0,0,0,13,0,7,0,0
2004,ANDHRA PRADESH,1325,0,0,0,0,0,475,144,265,45,11,385,0
2004,ARUNACHAL PRADESH,13,0,0,0,0,0,5,0,2,0,0,6,0
2004,ASSAM,18,0,0,0,0,0,0,2,0,6,3,6,1
2004,BIHAR,76,0,0,2,1,0,38,17,9,4,2,3,0
2004,CHANDIGARH,21,0,0,1,0,0,14,3,3,0,0,0,0
2004,CHHATTISGARH,960,6,0,14,6,12,70,32,477,1,34,308,0
2004,D & N HAVELI,1,0,0,0,0,0,0,1,0,0,0,0,0
2004,DAMAN & DIU,0,0,0,0,0,0,0,0,0,0,0,0,0
2004,DELHI,558,0,0,1,4,0,162,54,111,0,0,226,0
2004,GOA,64,0,0,0,0,0,12,5,12,3,0,32,0
2004,GUJARAT,805,3,0,9,0,1,277,24,243,0,143,105,0
2004,HARYANA,301,1,0,1,2,1,80,32,49,0,8,127,0
2004,HIMACHAL PRADESH,97,0,0,3,1,0,24,6,17,0,4,42,0
2004,JAMMU & KASHMIR,36,0,0,0,0,0,30,1,1,0,0,4,0
2004,JHARKHAND,136,0,0,0,0,0,46,6,27,11,0,46,0
2004,KARNATAKA,135,3,0,0,0,2,33,36,23,3,0,35,0
2004,KERALA,249,0,0,0,0,2,21,44,64,5,2,111,0
2004,LAKSHADWEEP,0,0,0,0,0,0,0,0,0,0,0,0,0
2004,MADHYA PRADESH,4530,9,0,22,10,6,244,159,3102,2,16,960,0
2004,MAHARASHTRA,2440,15,16,76,9,4,465,203,878,20,53,698,3
2004,MANIPUR,23,0,0,0,0,0,19,0,0,0,0,4,0
2004,MEGHALAYA,0,0,0,0,0,0,0,0,0,0,0,0,0
2004,MIZORAM,0,0,0,0,0,0,0,0,0,0,0,0,0
2004,NAGALAND,1,0,0,0,0,0,0,0,0,0,0,1,0
2004,ODISHA,172,0,0,0,0,0,12,9,99,8,10,34,0
2004,PUDUCHERRY,13,0,0,0,0,0,4,1,2,0,0,6,0
2004,PUNJAB,308,3,0,0,6,3,109,50,24,0,4,101,8
2004,RAJASTHAN,306,0,5,9,4,1,116,8,14,4,12,133,0
2004,SIKKIM,35,0,0,0,0,2,0,0,32,0,0,1,0
2004,TAMIL NADU,416,3,0,0,0,3,105,65,43,7,13,177,0
2004,TOTAL (ALL-INDIA),16663,52,35,138,47,63,3863,1685,6000,187,335,4233,25
2004,TOTAL (STATES),16050,52,35,136,43,63,3683,1626,5871,187,328,4001,25
2004,TOTAL (UTs),613,0,0,2,4,0,180,59,129,0,7,232,0
2004,TRIPURA,56,0,0,0,0,0,13,3,12,0,0,28,0
2004,UTTAR PRADESH,3250,8,0,0,4,26,1351,772,455,27,5,602,0
2004,UTTARAKHAND,67,0,0,0,0,0,4,5,0,23,0,35,0
2004,WEST BENGAL,231,1,14,0,0,0,134,3,23,18,8,17,13
2005,A & N ISLANDS,17,0,0,0,0,0,0,1,10,0,0,6,0
2005,ANDHRA PRADESH,1097,6,19,14,1,0,448,85,76,53,13,378,4
2005,ARUNACHAL PRADESH,24,0,0,0,0,0,13,0,0,0,0,11,0
2005,ASSAM,202,5,0,0,1,1,18,15,70,0,0,90,2
2005,BIHAR,131,0,0,0,0,2,74,41,0,5,4,5,0
2005,CHANDIGARH,61,0,0,3,0,0,29,3,3,0,0,23,0
2005,CHHATTISGARH,1057,13,0,1,8,0,95,33,551,0,13,343,0
2005,D & N HAVELI,8,0,0,0,0,0,4,4,0,0,0,0,0
2005,DAMAN & DIU,6,0,0,0,0,0,4,1,0,0,0,1,0
2005,DELHI,590,0,0,2,6,0,157,41,141,0,0,243,0
2005,GOA,76,0,0,3,0,0,12,2,30,0,0,29,0
2005,GUJARAT,968,1,0,14,1,6,369,69,273,0,112,123,0
2005,HARYANA,362,0,0,3,9,0,60,33,67,0,28,162,0
2005,HIMACHAL PRADESH,162,0,0,2,0,0,52,5,11,0,13,79,0
2005,JAMMU & KASHMIR,24,0,0,0,0,0,19,5,0,0,0,0,0
2005,JHARKHAND,116,0,0,0,0,0,18,13,24,10,0,51,0
2005,KARNATAKA,160,0,0,0,0,1,45,30,19,7,2,56,0
2005,KERALA,428,1,0,2,2,0,107,32,131,23,3,127,0
2005,LAKSHADWEEP,0,0,0,0,0,0,0,0,0,0,0,0,0
2005,MADHYA PRADESH,4949,7,2,29,7,9,351,149,3223,2,58,1112,0
2005,MAHARASHTRA,2551,17,17,72,3,2,503,212,840,4,123,757,1
2005,MANIPUR,16,0,0,0,0,0,11,2,0,0,0,3,0
2005,MEGHALAYA,31,0,0,0,0,1,2,1,0,0,0,27,0
2005,MIZORAM,0,0,0,0,0,0,0,0,0,0,0,0,0
2005,NAGALAND,0,0,0,0,0,0,0,0,0,0,0,0,0
2005,ODISHA,100,0,0,0,0,3,25,11,43,0,0,18,0
2005,PUDUCHERRY,11,0,0,0,0,0,5,0,2,0,0,4,0
2005,PUNJAB,251,0,2,5,14,9,90,25,32,0,13,61,0
2005,RAJASTHAN,414,0,0,5,3,0,85,49,5,0,12,254,1
2005,SIKKIM,12,0,0,0,0,1,2,0,1,0,0,8,0
2005,TAMIL NADU,263,1,0,3,0,1,68,50,42,0,1,97,0
2005,TOTAL (ALL-INDIA),17353,58,43,158,55,80,4049,1506,6150,154,411,4636,53
2005,TOTAL (STATES),16660,58,43,153,49,80,3850,1456,5994,154,411,4359,53
2005,TOTAL (UTs),693,0,0,5,6,0,199,50,156,0,0,277,0
2005,TRIPURA,24,0,0,0,0,0,17,1,0,0,0,6,0
2005,UTTAR PRADESH,2852,6,0,0,0,44,1192,583,483,0,13,531,0
2005,UTTARAKHAND,107,0,0,0,0,0,50,6,4,22,0,25,0
2005,WEST BENGAL,283,1,3,0,0,0,124,4,69,28,3,6,45
2006,A & N ISLANDS,10,0,0,0,0,0,4,0,0,0,0,6,0
2006,ANDHRA PRADESH,1653,18,17,46,4,0,600,88,339,47,53,434,7
2006,ARUNACHAL PRADESH,18,0,0,0,0,0,18,0,0,0,0,0,0
2006,ASSAM,256,5,0,0,1,0,25,15,147,0,1,61,1
2006,BIHAR,80,0,0,0,0,0,44,11,9,5,0,11,0
2006,CHANDIGARH,42,0,0,2,0,0,29,2,2,0,0,7,0
2006,CHHATTISGARH,1420,2,0,3,1,15,115,66,744,0,19,455,0
2006,D & N HAVELI,12,0,0,0,0,0,10,0,0,0,0,2,0
2006,DAMAN & DIU,2,0,0,0,0,0,1,0,0,0,0,1,0
2006,DELHI,1394,0,0,2,0,0,396,71,457,2,0,466,0
2006,GOA,69,0,0,2,0,1,14,6,31,0,0,15,0
2006,GUJARAT,985,1,0,9,5,0,391,87,294,1,39,158,0
2006,HARYANA,477,0,0,7,9,0,123,39,69,0,24,206,0
2006,HIMACHAL PRADESH,143,5,0,6,5,0,41,2,26,2,4,52,0
2006,JAMMU & KASHMIR,65,0,0,0,0,0,57,0,1,0,0,7,0
2006,JHARKHAND,130,0,0,0,15,0,23,10,10,30,0,42,0
2006,KARNATAKA,198,0,0,2,0,1,50,38,21,2,0,84,0
2006,KERALA,850,0,0,7,0,1,126,110,183,35,0,388,0
2006,LAKSHADWEEP,0,0,0,0,0,0,0,0,0,0,0,0,0
2006,MADHYA PRADESH,5062,6,0,11,6,17,304,172,3448,3,10,1085,0
2006,MAHARASHTRA,3124,8,43,76,11,3,612,223,1229,49,100,768,2
2006,MANIPUR,38,0,0,0,0,0,30,1,0,0,0,7,0
2006,MEGHALAYA,23,0,0,0,0,0,1,7,0,0,2,13,0
2006,MIZORAM,35,0,0,0,0,0,0,0,0,0,0,35,0
2006,NAGALAND,5,0,0,0,0,1,0,1,0,0,0,3,0
2006,ODISHA,142,2,0,0,0,1,23,14,17,0,2,83,0
2006,PUDUCHERRY,39,0,0,0,0,0,23,2,3,0,0,11,0
2006,PUNJAB,211,0,0,0,7,4,67,18,19,0,22,73,1
2006,RAJASTHAN,647,0,1,14,8,0,255,68,5,1,7,288,0
2006,SIKKIM,14,0,0,0,0,0,0,0,0,0,0,14,0
2006,TAMIL NADU,381,0,0,2,0,1,146,57,29,1,11,134,0
2006,TOTAL (ALL-INDIA),20870,52,67,192,77,87,4888,1725,7559,298,305,5489,131
2006,TOTAL (STATES),19371,52,67,188,77,87,4425,1650,7097,296,305,4996,131
2006,TOTAL (UTs),1499,0,0,4,0,0,463,75,462,2,0,493,0
2006,TRIPURA,31,0,0,0,0,0,0,3,0,0,0,28,0
2006,UTTAR PRADESH,2653,5,0,0,5,42,1120,593,408,0,0,480,0
2006,UTTARAKHAND,95,0,0,0,0,0,7,17,0,32,0,39,0
2006,WEST BENGAL,566,0,6,3,0,0,233,4,68,88,11,33,120
2007,A & N ISLANDS,9,0,0,0,0,0,6,0,0,0,0,3,0
2007,ANDHRA PRADESH,1729,7,3,53,0,1,654,121,344,66,39,403,38
2007,ARUNACHAL PRADESH,4,0,0,0,0,0,3,0,0,0,0,1,0
2007,ASSAM,170,0,0,0,0,0,29,5,101,0,1,34,0
2007,BIHAR,975,0,0,0,0,2,603,159,12,49,20,129,1
2007,CHANDIGARH,52,1,0,1,0,0,36,1,2,0,0,11,0
2007,CHHATTISGARH,1081,2,0,2,8,11,87,49,539,3,4,376,0
2007,D & N HAVELI,6,0,0,0,0,0,4,0,0,0,0,2,0
2007,DAMAN & DIU,6,0,0,0,0,0,0,3,3,0,0,0,0
2007,DELHI,1247,0,3,5,1,0,410,77,328,0,0,423,0
2007,GOA,71,0,0,1,0,0,5,2,47,0,0,16,0
2007,GUJARAT,1241,0,0,23,1,7,505,73,397,19,56,160,0
2007,HARYANA,394,3,0,6,1,1,138,27,63,0,7,148,0
2007,HIMACHAL PRADESH,114,0,0,0,0,0,32,8,25,3,6,40,0
2007,JAMMU & KASHMIR,24,0,0,1,0,0,9,0,5,0,0,9,0
2007,JHARKHAND,75,0,0,0,0,0,6,4,20,21,0,24,0
2007,KARNATAKA,225,0,0,1,0,0,62,46,27,3,0,86,0
2007,KERALA,512,0,0,8,0,3,96,19,156,26,0,204,0
2007,LAKSHADWEEP,0,0,0,0,0,0,0,0,0,0,0,0,0
2007,MADHYA PRADESH,5305,8,0,20,11,10,271,161,3477,26,11,1304,6
2007,MAHARASHTRA,3157,13,51,57,0,5,680,271,1279,11,28,762,0
2007,MANIPUR,21,0,0,0,0,0,17,3,0,0,0,1,0
2007,MEGHALAYA,43,0,0,0,0,0,7,5,0,0,1,30,0
2007,MIZORAM,64,0,0,0,0,0,0,3,1,0,0,60,0
2007,NAGALAND,6,0,0,0,0,1,2,1,0,0,0,2,0
2007,ODISHA,208,0,0,0,8,0,36,15,49,0,2,98,0
2007,PUDUCHERRY,22,0,0,0,0,0,10,2,5,0,0,5,0
2007,PUNJAB,373,0,0,1,9,3,165,25,27,0,16,127,0
2007,RAJASTHAN,745,0,0,12,0,4,300,77,2,1,0,349,0
2007,SIKKIM,26,0,0,1,0,0,3,1,4,0,0,17,0
2007,TAMIL NADU,460,0,0,3,0,6,197,54,27,9,5,159,0
2007,TOTAL (ALL-INDIA),22432,34,66,196,41,147,6104,1849,7662,287,221,5756,69
2007,TOTAL (STATES),21090,33,63,190,40,147,5638,1766,7324,287,221,5312,69
2007,TOTAL (UTs),1342,1,3,6,1,0,466,83,338,0,0,444,0
2007,TRIPURA,70,0,0,0,0,0,9,36,10,0,1,14,0
2007,UTTAR PRADESH,3553,0,4,0,2,90,1563,577,623,0,0,694,0
2007,UTTARAKHAND,101,0,0,0,0,0,49,13,16,1,0,22,0
2007,WEST BENGAL,343,0,5,1,0,3,110,11,73,49,24,43,24
2008,A & N ISLANDS,52,0,0,0,0,0,9,8,25,0,0,10,0
2008,ANDHRA PRADESH,1661,5,4,24,1,0,563,98,358,69,50,484,5
2008,ARUNACHAL PRADESH,20,0,0,0,0,0,11,0,0,0,0,9,0
2008,ASSAM,112,0,0,0,0,0,9,3,85,0,1,14,0
2008,BIHAR,1363,0,0,0,0,2,931,239,19,53,23,96,0
2008,CHANDIGARH,59,0,0,0,0,0,39,0,8,0,0,12,0
2008,CHHATTISGARH,1271,3,0,1,3,6,105,47,651,6,10,436,3
2008,D & N HAVELI,25,0,0,0,0,0,17,0,4,0,0,4,0
2008,DAMAN & DIU,10,0,0,0,0,0,0,0,10,0,0,0,0
2008,DELHI,1097,0,0,2,0,0,388,60,331,0,4,312,0
2008,GOA,104,4,0,1,0,0,28,4,30,0,4,33,0
2008,GUJARAT,1197,0,0,16,1,0,606,49,274,2,108,141,0
2008,HARYANA,325,0,0,1,7,5,89,40,59,0,14,110,0
2008,HIMACHAL PRADESH,189,0,0,0,1,0,69,6,45,1,2,65,0
2008,JAMMU & KASHMIR,10,0,0,1,0,0,4,0,2,0,0,3,0
2008,JHARKHAND,141,0,0,9,0,0,36,2,20,63,0,11,0
2008,KARNATAKA,324,0,0,0,1,3,69,59,47,5,13,127,0
2008,KERALA,666,6,0,3,0,0,93,45,239,16,5,259,0
2008,LAKSHADWEEP,0,0,0,0,0,0,0,0,0,0,0,0,0
2008,MADHYA PRADESH,5620,7,1,15,12,1,357,151,3923,16,6,1109,22
2008,MAHARASHTRA,3082,2,41,75,4,6,699,192,1114,23,20,905,1
2008,MANIPUR,6,0,0,0,0,0,5,0,0,0,0,1,0
2008,MEGHALAYA,53,0,0,0,0,0,12,5,4,0,0,32,0
2008,MIZORAM,21,0,0,0,0,0,1,0,2,0,0,18,0
2008,NAGALAND,6,0,0,0,0,0,3,0,0,0,0,3,0
2008,ODISHA,199,0,0,0,0,0,24,18,88,0,1,68,0
2008,PUDUCHERRY,25,1,0,1,0,0,10,1,8,0,0,4,0
2008,PUNJAB,385,0,0,1,8,1,160,41,34,0,10,130,0
2008,RAJASTHAN,732,0,0,13,0,0,251,84,20,0,2,362,0
2008,SIKKIM,14,0,0,0,0,0,1,0,1,0,0,12,0
2008,TAMIL NADU,566,0,0,0,0,4,216,78,86,1,5,176,0
2008,TOTAL (ALL-INDIA),25766,28,47,163,44,118,8066,1822,8476,292,287,6363,60
2008,TOTAL (STATES),24498,27,47,160,44,118,7603,1753,8090,292,283,6021,60
2008,TOTAL (UTs),1268,1,0,3,0,0,463,69,386,0,4,342,0
2008,TRIPURA,160,0,0,0,0,0,25,13,25,0,0,97,0
2008,UTTAR PRADESH,5760,0,0,0,5,90,3043,553,890,0,0,1179,0
2008,UTTARAKHAND,58,0,0,0,0,0,39,4,1,2,0,12,0
2008,WEST BENGAL,453,0,1,0,1,0,154,22,73,35,9,129,29
2009,A & N ISLANDS,63,0,0,0,0,0,5,1,29,0,0,28,0
2009,ANDHRA PRADESH,2060,13,0,30,1,5,638,78,754,51,0,492,3
2009,ARUNACHAL PRADESH,27,0,0,0,0,0,12,0,0,0,0,15,0
2009,ASSAM,48,0,0,0,0,0,7,3,27,0,0,11,0
2009,BIHAR,1468,0,0,0,15,0,988,263,48,88,0,66,0
2009,CHANDIGARH,64,0,0,10,0,0,15,1,18,0,0,20,0
2009,CHHATTISGARH,1498,3,0,2,2,2,102,53,896,6,1,431,0
2009,D & N HAVELI,15,0,0,0,0,0,11,1,0,0,0,3,0
2009,DAMAN & DIU,1,0,0,0,0,0,0,0,0,0,0,1,0
2009,DELHI,984,0,0,1,0,1,326,60,208,1,0,387,1
2009,GOA,123,0,0,0,0,0,24,8,47,6,0,38,0
2009,GUJARAT,980,0,0,14,1,0,528,47,270,1,0,118,1
2009,HARYANA,317,2,0,2,0,0,121,18,59,0,0,115,0
2009,HIMACHAL PRADESH,232,1,0,0,2,0,67,8,61,3,0,90,0
2009,JAMMU & KASHMIR,7,0,0,0,0,1,1,0,0,0,0,6,0
2009,JHARKHAND,149,0,0,0,0,0,10,2,70,44,0,23,0
2009,KARNATAKA,315,0,0,1,0,0,92,56,28,3,0,135,0
2009,KERALA,698,0,0,5,0,0,105,39,217,17,0,315,0
2009,LAKSHADWEEP,0,0,0,0,0,0,0,0,0,0,0,0,0
2009,MADHYA PRADESH,5829,14,0,15,21,9,547,167,3729,4,0,1331,1
2009,MAHARASHTRA,3086,14,43,46,7,0,629,187,1306,53,0,797,4
2009,MANIPUR,40,0,0,0,0,0,34,0,0,0,0,6,0
2009,MEGHALAYA,64,0,0,0,0,2,4,2,7,3,0,48,0
2009,MIZORAM,15,0,0,0,0,0,2,0,2,0,0,11,0
2009,NAGALAND,0,0,0,0,0,0,0,0,0,0,0,0,0
2009,ODISHA,200,0,0,0,0,0,36,13,62,0,1,88,0
2009,PUDUCHERRY,20,0,0,0,0,0,14,1,4,0,0,1,0
2009,PUNJAB,889,5,0,6,9,2,451,98,61,0,0,259,0
2009,RAJASTHAN,898,0,0,9,4,1,465,92,9,1,0,318,0
2009,SIKKIM,33,0,0,0,0,0,4,1,14,0,0,14,0
2009,TAMIL NADU,657,0,0,0,0,2,325,84,49,0,0,199,0
2009,TOTAL (ALL-INDIA),26012,57,45,141,62,40,8112,1943,8972,337,2,6308,31
2009,TOTAL (STATES),24865,57,45,130,62,39,7741,1879,8713,336,2,5868,30
2009,TOTAL (UTs),1147,0,0,11,0,1,371,64,259,1,0,440,1
2009,TRIPURA,100,0,0,0,0,0,1,18,0,29,0,52,0
2009,UTTAR PRADESH,4721,0,0,0,0,15,2370,619,915,0,0,817,0
2009,UTTARAKHAND,36,5,0,0,0,0,11,7,8,0,0,5,0
2009,WEST BENGAL,375,0,2,0,0,0,167,16,74,27,0,68,21
2010,A & N ISLANDS,61,0,0,0,1,0,13,2,22,0,0,23,0
2010,ANDHRA PRADESH,2046,10,0,6,0,6,589,66,690,111,9,559,6
2010,ARUNACHAL PRADESH,21,0,0,0,0,0,6,0,1,0,0,14,0
2010,ASSAM,132,0,0,0,0,0,11,6,13,75,0,24,3
2010,BIHAR,2414,0,0,0,0,2,1839,323,27,101,12,112,0
2010,CHANDIGARH,66,0,0,6,0,0,17,0,12,0,4,27,0
2010,CHHATTISGARH,1659,1,0,1,0,0,200,68,935,23,5,426,0
2010,D & N HAVELI,12,0,0,0,0,0,11,0,0,0,0,1,0
2010,DAMAN & DIU,4,0,0,0,0,0,0,0,3,0,0,1,0
2010,DELHI,1020,0,0,1,3,0,318,45,300,0,0,349,4
2010,GOA,80,0,0,0,0,1,12,3,24,6,0,35,0
2010,GUJARAT,1058,1,0,15,0,0,607,73,160,0,65,137,0
2010,HARYANA,274,0,0,0,1,0,116,18,18,0,0,121,0
2010,HIMACHAL PRADESH,269,0,0,0,0,0,72,8,67,2,13,107,0
2010,JAMMU & KASHMIR,17,0,0,0,5,0,3,1,3,0,0,5,0
2010,JHARKHAND,44,0,3,0,0,2,1,2,16,21,0,0,1
2010,KARNATAKA,389,0,0,1,0,1,167,46,48,20,3,104,0
2010,KERALA,698,3,0,5,0,1,109,44,272,10,15,240,0
2010,LAKSHADWEEP,0,0,0,0,0,0,0,0,0,0,0,0,0
2010,MADHYA PRADESH,5846,16,0,9,7,8,527,176,3655,26,12,1410,8
2010,MAHARASHTRA,3759,27,43,51,10,0,844,251,1524,33,27,936,13
2010,MANIPUR,39,0,0,0,0,0,33,0,0,0,0,6,0
2010,MEGHALAYA,77,0,0,0,0,0,10,2,1,0,0,64,0
2010,MIZORAM,50,0,0,0,0,0,0,1,7,0,0,42,0
2010,NAGALAND,10,0,0,0,0,0,7,0,0,0,0,3,0
2010,ODISHA,218,0,0,0,0,0,39,15,64,8,1,91,0
2010,PUDUCHERRY,22,0,0,0,0,0,8,0,0,0,9,5,0
2010,PUNJAB,700,1,0,0,1,0,424,53,34,0,0,184,3
2010,RAJASTHAN,749,1,0,2,8,8,382,48,3,13,15,277,0
2010,SIKKIM,34,0,0,0,0,0,8,13,2,0,0,11,0
2010,TAMIL NADU,703,2,0,0,0,0,343,90,60,0,0,208,0
2010,TOTAL (ALL-INDIA),27403,65,97,97,51,82,9085,1981,8575,684,204,6398,166
2010,TOTAL (STATES),26218,65,97,90,47,82,8718,1934,8238,684,191,5992,162
2010,TOTAL (UTs),1185,0,0,7,4,0,367,47,337,0,13,406,4
2010,TRIPURA,216,0,0,0,0,0,37,2,65,18,1,93,0
2010,UTTAR PRADESH,3662,0,0,0,15,53,1937,590,429,0,13,678,0
2010,UTTARAKHAND,45,0,0,0,0,0,18,3,13,0,0,11,0
2010,WEST BENGAL,1009,3,51,0,0,0,377,32,107,217,0,94,128
2011,A & N ISLANDS,36,0,0,2,0,0,10,1,8,0,0,15,0
2011,ANDHRA PRADESH,2550,18,0,25,6,1,744,118,768,97,49,720,4
2011,ARUNACHAL PRADESH,34,0,0,0,0,0,14,0,0,0,0,20,0
2011,ASSAM,236,0,0,0,0,0,30,10,14,142,0,40,0
2011,BIHAR,2859,0,2,2,3,5,2027,264,27,434,0,93,2
2011,CHANDIGARH,65,0,0,0,0,0,30,6,12,0,0,17,0
2011,CHHATTISGARH,1991,21,0,27,8,10,209,59,1068,17,16,555,1
2011,D & N HAVELI,5,0,0,0,0,0,3,1,0,0,0,1,0
2011,DAMAN & DIU,0,0,0,0,0,0,0,0,0,0,0,0,0
2011,DELHI,1199,0,0,7,7,0,439,61,274,5,0,402,4
2011,GOA,70,0,0,2,0,0,16,0,30,1,0,21,0
2011,GUJARAT,1279,6,0,14,0,0,721,77,224,3,68,166,0
2011,HARYANA,198,0,5,2,0,0,83,15,17,0,3,73,0
2011,HIMACHAL PRADESH,226,3,0,0,0,0,66,9,64,1,0,83,0
2011,JAMMU & KASHMIR,29,0,0,0,0,0,11,8,2,0,0,8,0
2011,JHARKHAND,95,0,1,1,1,0,19,7,33,12,0,16,5
2011,KARNATAKA,329,0,0,3,0,1,85,42,27,8,16,147,0
2011,KERALA,1533,1,0,1,0,1,114,40,797,7,2,570,0
2011,LAKSHADWEEP,0,0,0,0,0,0,0,0,0,0,0,0,0
2011,MADHYA PRADESH,5586,10,5,15,8,12,585,181,3189,27,15,1524,15
2011,MAHARASHTRA,4050,26,43,32,13,9,973,239,1493,50,110,1053,9
2011,MANIPUR,49,0,0,0,0,0,43,1,0,0,0,5,0
2011,MEGHALAYA,64,0,0,0,0,0,6,3,7,0,0,48,0
2011,MIZORAM,57,0,0,0,0,0,3,0,13,0,0,41,0
2011,NAGALAND,20,0,0,0,0,0,0,5,0,0,0,15,0
2011,ODISHA,287,0,0,0,0,0,63,18,48,8,0,150,0
2011,PUDUCHERRY,29,0,0,0,0,0,10,0,2,0,0,17,0
2011,PUNJAB,668,0,0,0,0,4,390,62,40,0,0,172,0
2011,RAJASTHAN,995,0,0,1,1,0,437,48,138,14,23,328,5
2011,SIKKIM,33,0,0,0,0,0,6,3,12,0,0,12,0
2011,TAMIL NADU,901,2,0,1,0,2,479,126,28,0,0,263,0
2011,TOTAL (ALL-INDIA),35427,113,60,135,70,67,13994,2095,8927,982,329,8499,156
2011,TOTAL (STATES),34093,113,60,126,63,67,13502,2026,8631,977,329,8047,152
2011,TOTAL (UTs),1334,0,0,9,7,0,492,69,296,5,0,452,4
2011,TRIPURA,253,0,0,0,0,0,39,21,26,23,0,144,0
2011,UTTAR PRADESH,8560,14,4,0,23,22,5760,647,487,0,15,1573,15
2011,UTTARAKHAND,77,0,0,0,0,0,35,7,10,0,0,25,0
2011,WEST BENGAL,1064,12,0,0,0,0,544,16,69,133,12,182,96
2012,A & N ISLANDS,33,0,0,0,0,0,7,1,8,0,0,17,0
2012,ANDHRA PRADESH,2387,23,0,8,0,6,826,140,674,37,61,604,8
2012,ARUNACHAL PRADESH,39,0,0,0,0,0,20,0,1,0,0,18,0
2012,ASSAM,391,0,0,0,0,0,68,15,31,122,0,155,0
2012,BIHAR,2319,0,4,0,1,2,1870,220,7,38,17,148,12
2012,CHANDIGARH,56,0,0,0,0,0,21,0,17,0,0,18,0
2012,CHHATTISGARH,2059,8,0,6,1,5,244,74,1170,18,2,531,0
2012,D & N HAVELI,14,0,0,0,0,0,13,0,0,0,0,1,0
2012,DAMAN & DIU,9,0,0,0,0,0,0,0,0,0,0,9,0
2012,DELHI,1351,0,1,11,1,3,438,43,330,1,3,516,4
2012,GOA,125,1,0,0,0,0,13,2,60,0,0,49,0
2012,GUJARAT,1563,1,0,15,0,0,938,52,249,26,72,210,0
2012,HARYANA,1101,3,0,3,2,0,505,58,142,0,9,379,0
2012,HIMACHAL PRADESH,285,0,0,0,0,0,85,9,58,4,0,129,0
2012,JAMMU & KASHMIR,44,0,0,0,0,0,18,0,5,0,0,21,0
2012,JHARKHAND,113,0,5,0,0,0,29,1,51,16,0,4,7
2012,KARNATAKA,607,0,0,1,0,1,211,65,76,18,57,178,0
2012,KERALA,1582,2,0,5,1,0,163,29,761,11,6,604,0
2012,LAKSHADWEEP,0,0,0,0,0,0,0,0,0,0,0,0,0
2012,MADHYA PRADESH,7136,36,0,14,12,13,735,191,4107,23,15,1970,20
2012,MAHARASHTRA,4185,28,11,66,29,12,1068,255,1378,60,13,1257,8
2012,MANIPUR,33,0,0,0,0,0,26,0,0,0,0,7,0
2012,MEGHALAYA,90,0,0,0,0,0,5,1,0,0,0,84,0
2012,MIZORAM,93,0,0,1,0,0,1,1,16,0,0,74,0
2012,NAGALAND,12,0,0,0,0,0,4,0,0,0,0,8,0
2012,ODISHA,489,1,0,0,0,0,87,25,121,11,2,242,0
2012,PUDUCHERRY,32,0,0,0,0,0,16,0,3,0,4,9,0
2012,PUNJAB,717,1,0,0,0,1,356,43,34,0,0,282,0
2012,RAJASTHAN,1248,0,0,17,9,3,518,35,122,15,31,491,7
2012,SIKKIM,30,0,0,0,2,1,8,0,0,0,0,19,0
2012,TAMIL NADU,1105,2,0,1,0,1,560,118,49,41,0,333,0
2012,TOTAL (ALL-INDIA),42117,277,25,158,83,68,17863,2353,9918,676,397,10171,128
2012,TOTAL (STATES),40622,277,24,147,82,65,17368,2309,9560,675,390,9601,124
2012,TOTAL (UTs),1495,0,1,11,1,3,495,44,358,1,7,570,4
2012,TRIPURA,22,0,0,0,0,0,7,3,0,0,0,12,0
2012,UTTAR PRADESH,11470,163,0,2,25,19,8394,927,308,4,17,1581,30
2012,UTTARAKHAND,118,0,0,0,0,0,51,8,22,4,0,33,0
2012,WEST BENGAL,1259,8,4,8,0,1,558,37,118,227,88,178,32
